ZONADEC,GreenArea,TotalArea,GreenConc
1,1.1084698899999996,9.67,0.11462977145811785
2,1.06719761,12.58,0.08483287837837838
3,1.73204953,14.23,0.1217181679550246
4,2.133898990000002,20.95,0.1018567536992841
5,1.745979,29.87,0.05845259457649816
6,2.125661510000001,18.28,0.11628345240700223
7,5.29458071,31.34,0.16894003541799618
8,3.5499027600000006,23.72,0.14965863237774032
9,3.6776924799999997,21.12,0.17413316666666664
